{"cameraMode":{"drawMode":0,"name":"Shaded","section":"Shading Mode"},"sceneLighting":false,"audioPlay":false,"sceneViewState":{"showFog":true,"showMaterialUpdate":false,"showSkybox":true,"showFlares":true,"showImageEffects":true,"showParticleSystems":true},"in2DMode":false,"pivot":{"x":-13.014287948608399,"y":3.2076621055603029,"z":-32.86297607421875},"rotation":{"x":0.0023657844867557289,"y":0.9935851693153381,"z":-0.111063152551651,"w":0.02116798423230648},"size":32.987918853759769,"orthographic":false}