{"cameraMode":{"drawMode":0,"name":"Shaded","section":"Shading Mode"},"sceneLighting":false,"audioPlay":false,"sceneViewState":{"showFog":true,"showMaterialUpdate":false,"showSkybox":true,"showFlares":true,"showImageEffects":true,"showParticleSystems":true},"in2DMode":false,"pivot":{"x":-0.09500002861022949,"y":-0.00008058547973632813,"z":9.324289321899414},"rotation":{"x":0.18040528893470765,"y":-0.14110268652439118,"z":0.026159891858696939,"w":0.9730671644210815},"size":32.987918853759769,"orthographic":false}