{"cameraMode":{"drawMode":0,"name":"Shaded","section":"Shading Mode"},"sceneLighting":false,"audioPlay":false,"sceneViewState":{"showFog":true,"showMaterialUpdate":false,"showSkybox":true,"showFlares":true,"showImageEffects":true,"showParticleSystems":true},"in2DMode":false,"pivot":{"x":240.98052978515626,"y":143.0,"z":-1698.9691162109375},"rotation":{"x":0.2467302680015564,"y":-0.14758048951625825,"z":0.0380476675927639,"w":0.957024872303009},"size":12.050071716308594,"orthographic":false}